网站组标题,网站标题,网站地址,网站提示
百度导航,百度产品大全,https://hao8i.github.io/https://www.baidu.com/more/,百度产品大全
百度导航,hao123,https://hao8i.github.io/http://ww.hao123.com/,hao123是汇集全网优质网址及资源的中文上网导航。及时收录影视、音乐、小说、游戏等分类的网址和内容，让您的网络生活更简单精彩。上网，从hao123开始。
百度导航,百度网址大全,https://hao8i.github.io/http://site.baidu.com/,百度网址大全 -- 简单可依赖的上网导航
传统网址导航,百度网址大全,https://hao8i.github.io/http://site.baidu.com/,百度网址大全 -- 简单可依赖的上网导航
传统网址导航,搜狗网址导航,https://hao8i.github.io/https://123.sogou.com/,123.sogou.com网址导航——专业权威的上网导航。包含音乐、视频、小说、游戏、财经等上百个分类的优秀站点，提供简单便捷的网上导航服务，是中国网民非常喜欢的上网主页。
传统网址导航,2345网址导航,https://hao8i.github.io/https://www.2345.com/?39291,2345.com热门网址导航站网罗精彩实用网址，如音乐、小说、NBA、财经、购物、视频、软件及热门游戏网址大全等，二三四五网址导航提供了多种搜索引擎入口、实用查询、天气预报、个性定制等实用功能，帮助广大网友畅游网络更轻松。
传统网址导航,www.114.com.cn,https://hao8i.github.io/http://www.114.com.cn/,114网址导航官网，中国最大的绿色网上导航，上网首选114。专业精选并为您提供各类网址，网址导航、个性导航、网络收藏夹、团购导航、在线音乐、新闻、城市导航、实用工具、股票彩票、便签、记事本等实用功能
导航网站,柴都导航,https://hao8i.github.io/https://www.chaidu.com/,柴都导航汇集全网优质网址及资源。包含小说、音乐、影视、游戏、购物等分类的网址和内容，提供最简单便捷的网址导航服务，深受网民欢迎和喜爱。柴都导航，您值得拥有的上网主页！
导航网站,龙轩导航,https://hao8i.github.io/http://ilxdh.com/,龙轩导航提供最快捷的资源平台，让你迅速找到想要的资源，准确又方便快捷
导航网站,24k导航,https://hao8i.github.io/https://www.24kdh.com/,网址导航_网盘搜索_免费资源_24k导航_简单_高效_简洁
导航网站,大数据导航,https://hao8i.github.io/http://hao.199it.com/,大数据导航，以大数据产业为主，大数据工具为辅，给用户提供一个更加快速找到大数据相关的工具平台。
导航网站,小呆导航,https://hao8i.github.io/https://webjike.com/,小呆导航是一个可自定义的简洁多领域网址导航，收录了前端开发、设计师、影视后期、日常办公等领域优质网站，为广大用户提供高效率的上网导航服务。
导航网站,20Z网址导航,https://hao8i.github.io/http://www.20z.com/,20Z网址导航汇集上网实用的名站网址，收录分类包括新闻、音乐、视频、小说、游戏等优秀网站，与多种搜索引擎、手写输入法完美结合，提供即便捷又实用的网址导航，上网冲浪从20z网址大全开始。
分专业导航,医学导航(Meddir.cn),https://hao8i.github.io/http://www.meddir.cn/,医学导航(Meddir.cn) – 最全最专业的医学网址导航网站
分专业导航,外贸导航,https://hao8i.github.io/http://www.dragon-guide.net/,"龙之向导,外贸网址之家:专业收录世界各个国家的外贸B2B网站,国际商业黄页等各种优秀的外贸网站及电子商务平台,提供简单便捷的外贸导航服务,是数千万外贸人的学习、开拓国际客户的外贸网.外贸之旅,从龙之向导开始."
分专业导航,数学网址导航,https://hao8i.github.io/http://www.qxsxw.com/sxwzdh/,"数学网站导航,数学网站，数学论坛，数学教师博客。"
分专业导航,会计网址导航,https://hao8i.github.io/http://daohang.esnai.com/,会计审计人员查询各种会计凭证，税务指南，各省税务局网站和税务局咨询电话，报考会计师证书，申报会计师和高级会计师，招聘会计人员和找财务会计工作的上网导航
分专业导航,法律网站导航,https://hao8i.github.io/http://www.law-lib.com/lawseek/,法律网站导航
分专业导航,英语网址导航,https://hao8i.github.io/http://www.dioenglish.com/diolinks/,"中国最大的英语网址导航, 英语学习网站大全!"
分专业导航,美食,https://hao8i.github.io/https://123.sogou.com/shwz/meishi.html,"饮食网址,家常菜视频,川菜精选,粤菜精选,鲁菜精选,湘菜精选,浙菜精选,京菜精选；123.sogou.com网址导航——最专业权威的上网导航。包含音乐、视频、小说、游戏、财经等上百个分类的优秀站点，提供最简单便捷的网上导航服务，是最受网民欢迎的上网主页。"
分专业导航,教育导航,https://hao8i.github.io/http://edu123.eol.cn/,edu123教育导航是最专业的网址导航，汇集最优秀的教育网站及资源。及时收录学前，初中，高中，中考，高考，留学，就业，自考，考研，外语，资格考试，教师招聘，公务员，艺术考试，商学院，成人高考，在职硕士等分类的网址和内容，为您提供最优质的教育资源
分专业导航,财经网址_360导航,https://hao8i.github.io/http://hao.360.cn/sub/caijing_website_nav.html,360导航--新一代安全上网导航，为用户提供门户、新闻、视频、游戏、小说、彩票等各种分类的优秀内容和网站入口，提供简单便捷的上网导航服务。安全上网，从360导航开始。
分专业导航,购物导航,https://hao8i.github.io/https://123.sogou.com/shwz/gouwu.html,由搜狗网址导航挑选收录的购物和商城站点，
分专业导航,地方门户网站大全,https://hao8i.github.io/http://www.china.ccoo.cn/,"地方门户网站导航大全,为您提供河北、山东、吉林、辽宁、黑龙江、湖北、湖南、浙江、福建、甘肃、广东等地方门户网站信息，聚合城市中国各地方门户网站。"
购食专业导航,购物导航,https://hao8i.github.io/https://123.sogou.com/shwz/gouwu.html,由搜狗网址导航挑选收录的购物和商城站点，
购食专业导航,购物 - 265上网导航,https://hao8i.github.io/http://www.265.com/Wangshang_Gouwu/#wp_3tpsssw6hfmk,网上购物
购食专业导航,我要乐网址导航,https://hao8i.github.io/http://www.02516.com/gouwu/,我要乐网址导航：实用网址大全，您的上网导航助手。精心收集各类优质网站网址信息，提供天气查询、快递查询、机票查询、违章查询等便民生活实用查询工具网址，安全便捷的网上导航服务，已被众多网友设为上网主页。网址之家，首选我要乐网址大全。
购食专业导航,网购网站导航,https://hao8i.github.io/https://www.smzdm.com/mall/,什么值得买网购网站导航频道，根据购物网站排名，为您精选值得买购物导航网站，是您放心的购物导航网站。
购食专业导航,hao123美食导航,https://hao8i.github.io/http://life.hao123.com/menu,hao123美食导航
购食专业导航,美食,https://hao8i.github.io/https://123.sogou.com/shwz/meishi.html,"饮食网址,家常菜视频,川菜精选,粤菜精选,鲁菜精选,湘菜精选,浙菜精选,京菜精选；123.sogou.com网址导航——最专业权威的上网导航。包含音乐、视频、小说、游戏、财经等上百个分类的优秀站点，提供最简单便捷的网上导航服务，是最受网民欢迎的上网主页。"
社交网站导航,360社区网址导航,https://hao8i.github.io/http://hao.360.com/sub/shequ_website_nav.html,360导航--新一代安全上网导航，为用户提供门户、新闻、视频、游戏、小说、彩票等各种分类的优秀内容和网站入口，提供简单便捷的上网导航服务。安全上网，从360导航开始。
社交网站导航,360交友网址导航,https://hao8i.github.io/http://hao.360.cn/sub/jiaoyou_website_nav.html,360导航--新一代安全上网导航，为用户提供门户、新闻、视频、游戏、小说、彩票等各种分类的优秀内容和网站入口，提供简单便捷的上网导航服务。安全上网，从360导航开始。
娱乐专业导航,360小说网址导航,https://hao8i.github.io/http://hao.360.com/sub/xiaoshuo_website_nav.html,360小说网址导航
娱乐专业导航,360音乐网址导航,https://hao8i.github.io/http://hao.360.com/sub/yinyue_website_nav.html,360音乐网址导航
娱乐专业导航,360曲艺网址导航,https://hao8i.github.io/http://hao.360.com/sub/quyi_website_nav.html,360曲艺网址导航
娱乐专业导航,360宠物网址导航,https://hao8i.github.io/http://hao.360.com/sub/chongwu_website_nav.html,360宠物网址导航
娱乐专业导航,360爱好网址导航,https://hao8i.github.io/http://hao.360.com/sub/aihao_website_nav.html,360爱好网址导航
教育专业导航,360教育网址导航,https://hao8i.github.io/http://edu.360.cn/site/jiaoyu/,360教育是360导航旗下教育网站_为您提供互联网教育名站查询和导航，提供英语、少儿教育、中等教育、高等教育、职业技能不同层次的教育信息和课程推荐，为您打造互联网简单、便捷的教育信息查询、课程对比、学习资源等在内的一站式服务
教育专业导航,教育导航,https://hao8i.github.io/http://edu123.eol.cn/,edu123教育导航是最专业的网址导航，汇集最优秀的教育网站及资源。及时收录学前，初中，高中，中考，高考，留学，就业，自考，考研，外语，资格考试，教师招聘，公务员，艺术考试，商学院，成人高考，在职硕士等分类的网址和内容，为您提供最优质的教育资源
医疗专业导航,医学导航(Meddir.cn),https://hao8i.github.io/http://www.meddir.cn/,医学导航(Meddir.cn) – 最全最专业的医学网址导航网站
医疗专业导航,中医中药网,https://hao8i.github.io/https://www.zhzyw.com/wzdh.html,网站导航_中医中药网
医疗专业导航,中医宝典大全,https://hao8i.github.io/http://zhongyibaodian.com/sitemap/,中医宝典大全_中医网站地图_中医知识导航【中医宝典】
医疗专业导航,健康网址大全,https://hao8i.github.io/http://www.3456.cc/Yiliao_Baojian/index.html,健康网址大全_收集最大最全的健康网址。
医疗专业导航,360健康网址导航,https://hao8i.github.io/http://hao.360.com/sub/jiankang_website_nav.html,360导航--新一代安全上网导航，为用户提供门户、新闻、视频、游戏、小说、彩票等各种分类的优秀内容和网站入口，提供简单便捷的上网导航服务。安全上网，从360导航开始。
财经专业导航,财经网址_360导航,https://hao8i.github.io/http://hao.360.cn/sub/caijing_website_nav.html,360导航--新一代安全上网导航，为用户提供门户、新闻、视频、游戏、小说、彩票等各种分类的优秀内容和网站入口，提供简单便捷的上网导航服务。安全上网，从360导航开始。
财经专业导航,360银行网址导航,https://hao8i.github.io/http://hao.360.com/sub/yinhang_website_nav.html,360银行网址导航
财经专业导航,会计网址导航,https://hao8i.github.io/http://daohang.esnai.com/,会计审计人员查询各种会计凭证，税务指南，各省税务局网站和税务局咨询电话，报考会计师证书，申报会计师和高级会计师，招聘会计人员和找财务会计工作的上网导航
法律专业导航,法律网站导航,https://hao8i.github.io/http://www.law-lib.com/lawseek/,法律网站导航
法律专业导航,360法律网址导航,https://hao8i.github.io/http://hao.360.com/sub/falv_website_nav.html,360法律网址导航
媒体专业导航,360新闻网址导航,https://hao8i.github.io/http://hao.360.cn/sub/news_website_nav.html,360新闻网址导航
媒体专业导航,360报纸网址导航,https://hao8i.github.io/http://hao.360.com/sub/baozhi_website_nav.html,360报纸网址导航
媒体专业导航,360直播网址导航,https://hao8i.github.io/http://hao.360.com/sub/zhibo_website_nav.html,360直播网址导航
体育专业导航,360体育网址导航,https://hao8i.github.io/http://hao.360.com/sub/tiyu_website_nav.html,360体育网址导航
体育专业导航,360篮球网址导航,https://hao8i.github.io/http://hao.360.com/sub/lanqiu_website_nav.html,360篮球网址导航
体育专业导航,360足球网址导航,https://hao8i.github.io/http://hao.360.com/sub/zuqiu_website_nav.html,360足球网址导航
硬件专业导航,360电脑网址导航,https://hao8i.github.io/http://hao.360.com/sub/diannao_website_nav.html,360电脑网址导航
硬件专业导航,360手机网址导航,https://hao8i.github.io/http://hao.360.com/sub/shouji_website_nav.html,360手机网址导航
硬件专业导航,360汽车网址导航,https://hao8i.github.io/http://hao.360.com/sub/qiche_website_nav.html,360汽车网址导航
硬件专业导航,360房产网址导航,https://hao8i.github.io/http://hao.360.com/sub/fangchan_website_nav.html,360房产网址导航
门户专业导航,地方门户网站大全,https://hao8i.github.io/http://www.china.ccoo.cn/,"地方门户网站导航大全,为您提供河北、山东、吉林、辽宁、黑龙江、湖北、湖南、浙江、福建、甘肃、广东等地方门户网站信息，聚合城市中国各地方门户网站。"
门户专业导航,360政府网址导航,https://hao8i.github.io/http://hao.360.com/sub/zhengfu_website_nav.html,360政府网址导航
